,FID,CONTINENT,Shape_Area,AREA_W1_T1,AREA_W1_T2,AREA_W1_T3,AREA_W2_T1,AREA_W2_T2,AREA_W2_T3,AREA_W3_T1,AREA_W3_T2,AREA_W3_T3,AREA_W4_T1,AREA_W4_T2,AREA_W4_T3,AREA_W5_T1,AREA_W5_T2,AREA_W5_T3,AREA_W6_T1,AREA_W6_T2,AREA_W6_T3,AREA_W7_T1,AREA_W7_T2,AREA_W7_T3,AREA_W8_T1,AREA_W8_T2,AREA_W8_T3,AREA_W9_T1,AREA_W9_T2,AREA_W9_T3,AREA_W10_T1,AREA_W10_T2,AREA_W10_T3,AREA_W11_T1,AREA_W11_T2,AREA_W11_T3,AREA_W12_T1,AREA_W12_T2,AREA_W12_T3
0,0,Africa,11583462.72,,,239924.4169,,1974.686559,36038.02971,,987.3432796,43443.1043,,1481.014919,722241.609,,,172291.4023,,,50354.50726,,2962.029839,109101.4324,,,,,,178215.462,,,,,,,,,
1,1,Asia,17317280.09,228076.2976,386051.2223,134772.3577,20734.20887,10860.77608,13329.13427,70595.04449,8392.417877,55291.22366,614621.1916,45417.79086,505026.0875,,,55784.8953,26658.26855,26164.59691,111076.119,8392.417877,22215.22379,114038.1488,503051.401,,,38506.38791,142671.1039,158468.5964,,,,,,,619557.908,10860.77608,276949.7899
2,2,North America,9339528.487,770621.4297,278924.4765,46405.13414,40974.7461,18759.52231,14316.47755,30607.64167,11848.11936,2962.029839,1974.686559,1481.014919,13329.13427,,,3949.373118,,,25177.25363,,10367.10444,2468.358199,197468.6559,,,3949.373118,12835.46264,13822.80591,1559015.039,78000.11909,103671.0444,1614306.262,1181849.906,355443.5807,,,
3,3,Oceania,165678.7142,,8392.417877,2962.029839,,3455.701479,2468.358199,,2468.358199,987.3432796,,1481.014919,2962.029839,,,,,493.6716398,29126.62675,,9873.432796,93303.93992,,,,,4936.716398,110088.7757,,,,,,,,,493.6716398
4,4,South America,6856255.336,7898.746237,27645.61183,45911.4625,,2468.358199,39000.05954,,493.6716398,117987.5219,,12341.791,389506.9238,,,925634.3246,,,44430.44758,10367.10444,31101.31331,22215.22379,,,,493.6716398,987.3432796,987.3432796,,,,,,,,,
5,5,Europe,3821854.346,69114.02957,148101.4919,,9873.432796,30113.97003,,9379.761156,10860.77608,,92810.26828,70595.04449,,,,,11354.44772,18265.85067,1974.686559,,987.3432796,,6911.402957,11848.11936,,,2962.029839,493.6716398,,,,,,,,,
